<ImportExportXml version="9.1.0.21949" SolutionPackageVersion="9.1" languagecode="1033" generatedBy="CrmLive" xmlns:xsi="http://www.w3.org/2001/XMLSchema-instance">
  <SolutionManifest>
    <UniqueName>CallCenter</UniqueName>
    <LocalizedNames>
      <LocalizedName description="Call Center" languagecode="1033" />
    </LocalizedNames>
    <Descriptions />
    <Version>1.0.0.0</Version>
    <Managed>0</Managed>
    <Publisher>
      <UniqueName>vikram</UniqueName>
      <LocalizedNames>
        <LocalizedName description="Vikram" languagecode="1033" />
      </LocalizedNames>
      <Descriptions />
      <EMailAddress xsi:nil="true"></EMailAddress>
      <SupportingWebsiteUrl xsi:nil="true"></SupportingWebsiteUrl>
      <CustomizationPrefix>vb</CustomizationPrefix>
      <CustomizationOptionValuePrefix>10858</CustomizationOptionValuePrefix>
      <Addresses>
        <Address>
          <AddressNumber>1</AddressNumber>
          <AddressTypeCode>1</AddressTypeCode>
          <City xsi:nil="true"></City>
          <County xsi:nil="true"></County>
          <Country xsi:nil="true"></Country>
          <Fax xsi:nil="true"></Fax>
          <FreightTermsCode xsi:nil="true"></FreightTermsCode>
          <ImportSequenceNumber xsi:nil="true"></ImportSequenceNumber>
          <Latitude xsi:nil="true"></Latitude>
          <Line1 xsi:nil="true"></Line1>
          <Line2 xsi:nil="true"></Line2>
          <Line3 xsi:nil="true"></Line3>
          <Longitude xsi:nil="true"></Longitude>
          <Name xsi:nil="true"></Name>
          <PostalCode xsi:nil="true"></PostalCode>
          <PostOfficeBox xsi:nil="true"></PostOfficeBox>
          <PrimaryContactName xsi:nil="true"></PrimaryContactName>
          <ShippingMethodCode>1</ShippingMethodCode>
          <StateOrProvince xsi:nil="true"></StateOrProvince>
          <Telephone1 xsi:nil="true"></Telephone1>
          <Telephone2 xsi:nil="true"></Telephone2>
          <Telephone3 xsi:nil="true"></Telephone3>
          <TimeZoneRuleVersionNumber xsi:nil="true"></TimeZoneRuleVersionNumber>
          <UPSZone xsi:nil="true"></UPSZone>
          <UTCOffset xsi:nil="true"></UTCOffset>
          <UTCConversionTimeZoneCode xsi:nil="true"></UTCConversionTimeZoneCode>
        </Address>
        <Address>
          <AddressNumber>2</AddressNumber>
          <AddressTypeCode>1</AddressTypeCode>
          <City xsi:nil="true"></City>
          <County xsi:nil="true"></County>
          <Country xsi:nil="true"></Country>
          <Fax xsi:nil="true"></Fax>
          <FreightTermsCode xsi:nil="true"></FreightTermsCode>
          <ImportSequenceNumber xsi:nil="true"></ImportSequenceNumber>
          <Latitude xsi:nil="true"></Latitude>
          <Line1 xsi:nil="true"></Line1>
          <Line2 xsi:nil="true"></Line2>
          <Line3 xsi:nil="true"></Line3>
          <Longitude xsi:nil="true"></Longitude>
          <Name xsi:nil="true"></Name>
          <PostalCode xsi:nil="true"></PostalCode>
          <PostOfficeBox xsi:nil="true"></PostOfficeBox>
          <PrimaryContactName xsi:nil="true"></PrimaryContactName>
          <ShippingMethodCode>1</ShippingMethodCode>
          <StateOrProvince xsi:nil="true"></StateOrProvince>
          <Telephone1 xsi:nil="true"></Telephone1>
          <Telephone2 xsi:nil="true"></Telephone2>
          <Telephone3 xsi:nil="true"></Telephone3>
          <TimeZoneRuleVersionNumber xsi:nil="true"></TimeZoneRuleVersionNumber>
          <UPSZone xsi:nil="true"></UPSZone>
          <UTCOffset xsi:nil="true"></UTCOffset>
          <UTCConversionTimeZoneCode xsi:nil="true"></UTCConversionTimeZoneCode>
        </Address>
      </Addresses>
    </Publisher>
    <RootComponents>
      <RootComponent type="1" schemaName="vb_case" behavior="0" />
      <RootComponent type="1" schemaName="vb_form" behavior="0" />
      <RootComponent type="1" schemaName="vb_serviceprovider" behavior="0" />
      <RootComponent type="9" schemaName="vb_fundingyear" behavior="0" />
      <RootComponent type="62" schemaName="vb_CallCenter" behavior="0" />
      <RootComponent type="80" schemaName="vb_CallCenter" behavior="0" />
      <RootComponent type="183" id="{24cbe3a3-aece-ea11-a812-002248049368}" schemaName="Legacy" behavior="0" />
      <RootComponent type="183" id="{e9142df1-8bd7-ea11-a813-002248049368}" schemaName="Local" behavior="0" />
    </RootComponents>
    <MissingDependencies>
      <MissingDependency>
        <Required key="0" type="181" schemaName="OData v4 Data Provider" displayName="OData v4 Data Provider" solution="ODatav4DataProvider (9.0.0.167)" id="{a17be158-e9dd-e611-80d3-00155da29216}" />
        <Dependent key="1" type="183" schemaName="Legacy" displayName="Legacy" id="{24cbe3a3-aece-ea11-a812-002248049368}" />
      </MissingDependency>
      <MissingDependency>
        <Required key="0" type="181" schemaName="OData v4 Data Provider" displayName="OData v4 Data Provider" solution="ODatav4DataProvider (9.0.0.167)" id="{a17be158-e9dd-e611-80d3-00155da29216}" />
        <Dependent key="2" type="183" schemaName="Local" displayName="Local" id="{e9142df1-8bd7-ea11-a813-002248049368}" />
      </MissingDependency>
      <MissingDependency>
        <Required key="0" type="181" schemaName="OData v4 Data Provider" displayName="OData v4 Data Provider" solution="ODatav4DataProvider (9.0.0.167)" id="{a17be158-e9dd-e611-80d3-00155da29216}" />
        <Dependent key="3" type="1" schemaName="vb_serviceprovider" displayName="Service Provider" />
      </MissingDependency>
      <MissingDependency>
        <Required key="4" type="181" schemaName="Azure Cosmos DB for DocumentDB API Data Provider" displayName="Azure Cosmos DB for DocumentDB API Data Provider" solution="DocumentDBDataProvider (1.0.0.1)" id="{10b5d68c-e856-4bd6-8b05-12edb37320fb}" />
        <Dependent key="5" type="1" schemaName="vb_form" displayName="Form" />
      </MissingDependency>
      <MissingDependency>
        <Required key="6" type="183" schemaName="Legacy Cosmos" displayName="Legacy Cosmos" solution="Active" id="{83dfbbd3-efd8-ea11-a813-002248049368}" />
        <Dependent key="5" type="1" schemaName="vb_form" displayName="Form" />
      </MissingDependency>
      <MissingDependency>
        <Required key="7" type="61" schemaName="msdyn_/Images/AppModule_Default_Icon.png" displayName="msdyn_/Images/AppModule_Default_Icon.png" solution="AppModuleWebResources (2.5)" />
        <Dependent key="8" type="80" schemaName="vb_CallCenter" displayName="Call Center" />
      </MissingDependency>
    </MissingDependencies>
  </SolutionManifest>
</ImportExportXml>